{"cameraMode":{"drawMode":0,"name":"Shaded","section":"Shading Mode"},"sceneLighting":false,"audioPlay":false,"sceneViewState":{"m_AlwaysRefresh":false,"showFog":true,"showSkybox":false,"showFlares":true,"showImageEffects":true,"showParticleSystems":true,"showVisualEffectGraphs":true,"m_FxEnabled":true},"in2DMode":false,"pivot":{"x":-0.0060787564143538479,"y":4.9964423179626469,"z":0.002834571525454521},"rotation":{"x":-0.2621448338031769,"y":0.3493240475654602,"z":-0.10246042907238007,"w":-0.8937433362007141},"size":0.050236545503139499,"orthographic":false}