{"cameraMode":{"drawMode":0,"name":"Shaded","section":"Shading Mode"},"sceneLighting":false,"audioPlay":false,"sceneViewState":{"showFog":true,"showMaterialUpdate":false,"showSkybox":false,"showFlares":true,"showImageEffects":true,"showParticleSystems":true},"in2DMode":false,"pivot":{"x":-0.6078285574913025,"y":1.7236000299453736,"z":-12.115777015686036},"rotation":{"x":-0.0002529184566810727,"y":0.9997463226318359,"z":-0.015315434895455838,"w":-0.016512544825673105},"size":17.423507690429689,"orthographic":false}