{"cameraMode":{"drawMode":0,"name":"Shaded","section":"Shading Mode"},"sceneLighting":false,"audioPlay":false,"sceneViewState":{"showFog":true,"showMaterialUpdate":false,"showSkybox":false,"showFlares":true,"showImageEffects":true,"showParticleSystems":true},"in2DMode":false,"pivot":{"x":-0.7859094738960266,"y":-1.76580810546875,"z":-15.40616226196289},"rotation":{"x":-0.001703042653389275,"y":0.9958752393722534,"z":-0.08867903798818588,"w":-0.019122764468193055},"size":20.609619140625,"orthographic":false}