{"cameraMode":{"drawMode":0,"name":"Shaded","section":"Shading Mode"},"sceneLighting":false,"audioPlay":false,"sceneViewState":{"showFog":true,"showMaterialUpdate":false,"showSkybox":false,"showFlares":true,"showImageEffects":true,"showParticleSystems":true},"in2DMode":false,"pivot":{"x":-2.9894299507141115,"y":0.872660756111145,"z":-11.789384841918946},"rotation":{"x":-0.006399401463568211,"y":0.9912418723106384,"z":-0.05240426957607269,"w":-0.12104734033346176},"size":14.759515762329102,"orthographic":false}