{"cameraMode":{"drawMode":0,"name":"Shaded","section":"Shading Mode"},"sceneLighting":false,"audioPlay":false,"sceneViewState":{"showFog":true,"showMaterialUpdate":false,"showSkybox":false,"showFlares":true,"showImageEffects":true,"showParticleSystems":true},"in2DMode":false,"pivot":{"x":4.535333633422852,"y":-89.5712890625,"z":25.621490478515626},"rotation":{"x":-0.30151301622390749,"y":0.013439778238534928,"z":-0.004250613506883383,"w":-0.9533578753471375},"size":488.3239440917969,"orthographic":false}