{"cameraMode":{"drawMode":0,"name":"Shaded","section":"Shading Mode"},"sceneLighting":true,"audioPlay":false,"sceneViewState":{"showFog":true,"showMaterialUpdate":false,"showSkybox":true,"showFlares":true,"showImageEffects":true,"showParticleSystems":true},"in2DMode":false,"pivot":{"x":-5.807346343994141,"y":1.557837963104248,"z":49.288352966308597},"rotation":{"x":0.026157062500715257,"y":0.3966135084629059,"z":-0.011306539177894593,"w":0.917543351650238},"size":31.669586181640626,"orthographic":false}