{"cameraMode":{"drawMode":0,"name":"Shaded","section":"Shading Mode"},"sceneLighting":false,"audioPlay":false,"sceneViewState":{"showFog":true,"showMaterialUpdate":false,"showSkybox":false,"showFlares":true,"showImageEffects":true,"showParticleSystems":true},"in2DMode":false,"pivot":{"x":-5.664142608642578,"y":-28.886734008789064,"z":14.856261253356934},"rotation":{"x":-0.4721643626689911,"y":0.4769496023654938,"z":-0.3425273001194,"w":-0.6574609875679016},"size":224.64854431152345,"orthographic":false}