{"cameraMode":{"drawMode":0,"name":"Shaded","section":"Shading Mode"},"sceneLighting":true,"audioPlay":false,"sceneViewState":{"showFog":true,"showMaterialUpdate":false,"showSkybox":true,"showFlares":true,"showImageEffects":true,"showParticleSystems":true},"in2DMode":false,"pivot":{"x":665.5955810546875,"y":430.340576171875,"z":31.34814453125},"rotation":{"x":-0.00047206474118866026,"y":-0.999499499797821,"z":0.025805586948990823,"w":-0.018293999135494233},"size":1329.1273193359375,"orthographic":false}