{"cameraMode":{"drawMode":0,"name":"Shaded","section":"Shading Mode"},"sceneLighting":false,"audioPlay":false,"sceneViewState":{"showFog":true,"showMaterialUpdate":false,"showSkybox":false,"showFlares":true,"showImageEffects":true,"showParticleSystems":true},"in2DMode":false,"pivot":{"x":55.598854064941409,"y":44.62750244140625,"z":69.91780090332031},"rotation":{"x":-0.05201871320605278,"y":0.906620979309082,"z":-0.4019530415534973,"w":-0.11732964217662811},"size":215.03355407714845,"orthographic":false}