{"cameraMode":{"drawMode":0,"name":"Shaded","section":"Shading Mode"},"sceneLighting":false,"audioPlay":false,"sceneViewState":{"showFog":true,"showMaterialUpdate":false,"showSkybox":false,"showFlares":true,"showImageEffects":true,"showParticleSystems":true},"in2DMode":false,"pivot":{"x":50.7806510925293,"y":-143.53675842285157,"z":32.775238037109378},"rotation":{"x":-0.44818389415740969,"y":-0.10601583123207092,"z":0.05362801253795624,"w":-0.8860113024711609},"size":525.300537109375,"orthographic":false}