{"cameraMode":{"drawMode":0,"name":"Shaded","section":"Shading Mode"},"sceneLighting":false,"audioPlay":false,"sceneViewState":{"showFog":true,"showMaterialUpdate":false,"showSkybox":false,"showFlares":true,"showImageEffects":true,"showParticleSystems":true},"in2DMode":false,"pivot":{"x":-3.105175495147705,"y":-1.1507271528244019,"z":0.3256462812423706},"rotation":{"x":-0.19696633517742158,"y":0.16875627636909486,"z":-0.034438759088516238,"w":-0.9651630520820618},"size":5.380254745483398,"orthographic":false}