{"cameraMode":{"drawMode":0,"name":"Shaded","section":"Shading Mode"},"sceneLighting":false,"audioPlay":false,"sceneViewState":{"showFog":true,"showMaterialUpdate":false,"showSkybox":false,"showFlares":true,"showImageEffects":true,"showParticleSystems":true},"in2DMode":false,"pivot":{"x":-70.63643646240235,"y":22.714616775512697,"z":-71.60106658935547},"rotation":{"x":-0.44180718064308169,"y":0.5573351979255676,"z":-0.4759637415409088,"w":-0.5173417925834656},"size":537.0697021484375,"orthographic":false}