{"cameraMode":{"drawMode":0,"name":"Shaded","section":"Shading Mode"},"sceneLighting":false,"audioPlay":false,"sceneViewState":{"showFog":true,"showMaterialUpdate":false,"showSkybox":false,"showFlares":true,"showImageEffects":true,"showParticleSystems":true},"in2DMode":false,"pivot":{"x":0.0000019073486328125,"y":7.550012588500977,"z":-4.94230318069458},"rotation":{"x":-0.060315556824207309,"y":0.9233688116073608,"z":-0.16260483860969544,"w":-0.3425080478191376},"size":192.48004150390626,"orthographic":false}