{"cameraMode":{"drawMode":0,"name":"Shaded","section":"Shading Mode"},"sceneLighting":false,"audioPlay":false,"sceneViewState":{"showFog":true,"showMaterialUpdate":false,"showSkybox":false,"showFlares":true,"showImageEffects":true,"showParticleSystems":true},"in2DMode":false,"pivot":{"x":-0.21978211402893067,"y":4.264954566955566,"z":0.1079864501953125},"rotation":{"x":-0.003769461065530777,"y":0.993419349193573,"z":-0.10921632498502732,"w":-0.03428658843040466},"size":7.167414665222168,"orthographic":false}