{"cameraMode":{"drawMode":0,"name":"Shaded","section":"Shading Mode"},"sceneLighting":true,"audioPlay":false,"sceneViewState":{"showFog":true,"showMaterialUpdate":false,"showSkybox":true,"showFlares":true,"showImageEffects":true,"showParticleSystems":true},"in2DMode":false,"pivot":{"x":1067.427734375,"y":1090.431884765625,"z":519.83544921875},"rotation":{"x":-0.07223132997751236,"y":-0.020347274839878084,"z":0.0014753877185285092,"w":-0.9971793293952942},"size":3348.52001953125,"orthographic":false}