{"cameraMode":{"drawMode":0,"name":"Shaded","section":"Shading Mode"},"sceneLighting":true,"audioPlay":false,"sceneViewState":{"showFog":true,"showMaterialUpdate":false,"showSkybox":true,"showFlares":true,"showImageEffects":true,"showParticleSystems":true},"in2DMode":false,"pivot":{"x":1022.8441162109375,"y":588.341064453125,"z":230.5128173828125},"rotation":{"x":-0.11405756324529648,"y":0.008044752292335034,"z":-0.0009239718201570213,"w":-0.9934411644935608},"size":2050.62939453125,"orthographic":false}