{"cameraMode":{"drawMode":0,"name":"Shaded","section":"Shading Mode"},"sceneLighting":true,"audioPlay":false,"sceneViewState":{"showFog":true,"showMaterialUpdate":false,"showSkybox":true,"showFlares":true,"showImageEffects":true,"showParticleSystems":true},"in2DMode":false,"pivot":{"x":-78.8855209350586,"y":5.650158882141113,"z":-14.311037063598633},"rotation":{"x":0.10063201934099198,"y":-0.011942676268517971,"z":0.0012081535533070565,"w":0.9948513507843018},"size":8.381421089172364,"orthographic":false}