{"cameraMode":{"drawMode":0,"name":"Shaded","section":"Shading Mode"},"sceneLighting":true,"audioPlay":false,"sceneViewState":{"showFog":true,"showMaterialUpdate":false,"showSkybox":true,"showFlares":true,"showImageEffects":true,"showParticleSystems":true},"in2DMode":false,"pivot":{"x":-22.99517822265625,"y":5.374385833740234,"z":-67.97569274902344},"rotation":{"x":0.18794144690036775,"y":0.2445976734161377,"z":-0.048389047384262088,"w":0.950004518032074},"size":63.68177032470703,"orthographic":false}